{
    "tools\/build\/coverage.xml": 0.4330708661417323,
    "tools\/commit-verifier\/tests_coverage.json": 0.007462686567164178,
    "tools\/dependabot-config-checker\/coverage.xml": 0.7407407407407407,
    "tools\/machine-info\/tests_coverage.json": 0.05263157894736842,
    "tools\/message-compiler\/tests_coverage.json": 0.35195530726256985,
    "libraries\/rust\/events\/tests_coverage.json": 0.013157894736842105,
    "libraries\/rust\/platform\/tests_coverage.json": 0.42201834862385323,
    "libraries\/rust\/rpc-support\/tests_coverage.json": 0.12777777777777777,
    "libraries\/rust\/music\/tests_coverage.json": 0.0935754189944134,
    "services\/events\/tests_coverage.json": 0.005555555555555556,
    "agents\/music\/tests_coverage.json": 0.025,
    "services\/directory-watcher\/tests_coverage.json": 0.46761565836298935,
    "services\/music\/tests_coverage.json": 0.037955073586367155
}