{
    "tools\/build\/coverage.xml": 0.43086529884032115,
    "tools\/commit-verifier\/tests_coverage.json": 0.007462686567164178,
    "tools\/dependabot-config-checker\/coverage.xml": 0.7407407407407407,
    "tools\/machine-info\/tests_coverage.json": 0.05263157894736842,
    "tools\/message-compiler\/tests_coverage.json": 0.29635499207606975,
    "libraries\/rust\/platform\/tests_coverage.json": 0.3915094339622642,
    "libraries\/rust\/rpc-support\/tests_coverage.json": 0.0030211480362537764,
    "services\/directory-watcher\/tests_coverage.json": 0.462589928057554,
    "services\/events\/tests_coverage.json": 0.005555555555555556,
    "libraries\/rust\/events\/tests_coverage.json": 0.013157894736842105,
    "libraries\/rust\/music\/tests_coverage.json": 0.014705882352941175,
    "agents\/music\/tests_coverage.json": 0.023809523809523808,
    "services\/music\/tests_coverage.json": 0.003115264797507788
}